id,package,license_type,client_id,created_datetime,expiration_datetime
1,'ios_sdk','evaluation',1,2023/11/28,2024/01/13
2,'javascript_sdk','evaluation',2,2023/08/01,2023/12/29
3,'android_sdk','production',3,2023/07/16,2024/03/27
4,'android_sdk','evaluation',4,2023/10/13,2024/02/12
5,'ios_sdk','production',5,2023/08/03,2023/12/13
6,'ios_sdk','production',6,2023/10/20,2023/09/19
7,'javascript_sdk','evaluation',7,2023/09/02,2024/02/11
8,'android_sdk','production',8,2023/10/09,2024/02/07
9,'android_sdk','evaluation',9,2023/09/06,2024/03/18
10,'android_sdk','evaluation',10,2023/06/22,2024/01/03
11,'android_sdk','evaluation',11,2023/07/22,2024/02/15
12,'ios_sdk','evaluation',12,2023/10/26,2023/10/27
13,'android_sdk','evaluation',13,2023/07/15,2023/12/12
14,'android_sdk','evaluation',14,2023/07/03,2023/12/21
15,'ios_sdk','evaluation',15,2023/07/21,2023/09/18
16,'android_sdk','evaluation',16,2023/08/20,2023/12/07
17,'javascript_sdk','evaluation',17,2023/11/27,2023/10/19
18,'android_sdk','evaluation',18,2023/07/17,2023/12/31
19,'android_sdk','production',19,2023/09/06,2023/09/14
20,'javascript_sdk','evaluation',20,2023/11/24,2023/09/15
21,'javascript_sdk','evaluation',21,2023/10/14,2024/01/17
22,'ios_sdk','production',22,2023/08/07,2023/11/30
23,'javascript_sdk','production',23,2023/11/16,2023/09/10
24,'javascript_sdk','production',24,2023/09/13,2024/02/08
25,'ios_sdk','evaluation',25,2023/06/15,2023/09/19
26,'javascript_sdk','production',26,2023/08/23,2024/03/01
27,'ios_sdk','evaluation',27,2023/06/05,2023/11/23
28,'android_sdk','evaluation',28,2023/06/16,2023/11/24
29,'javascript_sdk','production',29,2023/07/27,2024/03/10
30,'ios_sdk','evaluation',30,2023/08/22,2023/11/23
31,'ios_sdk','evaluation',31,2023/09/23,2023/11/06
32,'javascript_sdk','production',32,2023/07/19,2023/10/28
33,'javascript_sdk','evaluation',33,2023/06/15,2023/09/05
34,'ios_sdk','production',34,2023/10/03,2024/03/20
35,'javascript_sdk','production',35,2023/08/15,2024/01/27
36,'android_sdk','production',36,2023/09/11,2023/12/21
37,'android_sdk','evaluation',37,2023/11/11,2023/12/21
38,'javascript_sdk','production',38,2023/08/04,2024/02/15
39,'ios_sdk','evaluation',39,2023/09/01,2024/02/13
40,'android_sdk','evaluation',40,2023/10/15,2023/11/19
41,'javascript_sdk','production',41,2023/06/29,2023/09/30
42,'ios_sdk','production',42,2023/08/26,2024/03/24
43,'android_sdk','evaluation',43,2023/07/13,2023/10/23
44,'android_sdk','production',44,2023/06/02,2023/12/12
45,'javascript_sdk','evaluation',45,2023/07/23,2024/01/16
46,'android_sdk','production',46,2023/07/11,2024/02/14
47,'javascript_sdk','evaluation',47,2023/07/22,2023/10/28
48,'javascript_sdk','evaluation',48,2023/08/11,2023/10/16
49,'ios_sdk','evaluation',49,2023/07/18,2024/02/05
50,'javascript_sdk','evaluation',50,2023/10/29,2024/01/28
51,'android_sdk','production',51,2023/08/17,2023/12/04
52,'android_sdk','production',52,2023/08/06,2023/12/20
53,'javascript_sdk','evaluation',53,2023/10/16,2023/09/03
54,'ios_sdk','production',54,2023/10/04,2023/12/27
55,'android_sdk','evaluation',55,2023/09/11,2023/12/07
56,'javascript_sdk','production',56,2023/10/30,2023/10/09
57,'android_sdk','production',57,2023/08/02,2023/11/27
58,'android_sdk','production',58,2023/09/17,2023/12/22
59,'javascript_sdk','production',59,2023/11/12,2023/09/24
60,'ios_sdk','evaluation',60,2023/06/06,2024/03/15
61,'ios_sdk','production',61,2023/09/30,2023/11/19
62,'android_sdk','evaluation',62,2023/07/30,2023/11/03
63,'android_sdk','evaluation',63,2023/08/23,2024/01/13
64,'javascript_sdk','production',64,2023/08/02,2023/11/22
65,'android_sdk','production',65,2023/11/12,2024/02/09
66,'ios_sdk','evaluation',66,2023/08/17,2024/02/23
67,'ios_sdk','production',67,2023/08/12,2024/01/05
68,'ios_sdk','production',68,2023/10/31,2023/11/26
69,'javascript_sdk','evaluation',69,2023/10/27,2023/12/26
70,'ios_sdk','evaluation',70,2023/09/04,2024/01/06
71,'ios_sdk','evaluation',71,2023/07/18,2023/10/07
72,'ios_sdk','production',72,2023/06/29,2023/12/29
73,'ios_sdk','production',73,2023/08/31,2024/02/26
74,'ios_sdk','production',74,2023/11/09,2023/11/09
75,'javascript_sdk','evaluation',75,2023/11/27,2023/11/05
76,'javascript_sdk','production',76,2023/07/30,2023/10/28
77,'android_sdk','evaluation',77,2023/06/12,2023/11/11
78,'android_sdk','evaluation',78,2023/07/12,2024/02/20
79,'ios_sdk','production',79,2023/10/21,2024/01/02
80,'android_sdk','production',80,2023/10/25,2024/02/26
81,'ios_sdk','evaluation',81,2023/10/18,2024/02/13
82,'ios_sdk','evaluation',82,2023/11/08,2024/01/13
83,'ios_sdk','production',83,2023/11/14,2023/12/15
84,'ios_sdk','evaluation',84,2023/06/27,2023/12/20
85,'android_sdk','production',85,2023/09/01,2024/02/25
86,'javascript_sdk','production',86,2023/10/13,2023/10/06
87,'android_sdk','evaluation',87,2023/06/04,2023/09/23
88,'javascript_sdk','evaluation',88,2023/11/10,2024/03/11
89,'javascript_sdk','production',89,2023/07/05,2023/09/21
90,'ios_sdk','evaluation',90,2023/11/07,2024/02/26
91,'ios_sdk','production',91,2023/09/02,2024/03/11
92,'android_sdk','evaluation',92,2023/08/16,2023/11/25
93,'android_sdk','evaluation',93,2023/08/13,2024/03/01
94,'ios_sdk','production',94,2023/09/29,2023/10/02
95,'ios_sdk','evaluation',95,2023/06/29,2023/12/08
96,'ios_sdk','evaluation',96,2023/07/26,2024/01/27
97,'javascript_sdk','production',97,2023/07/15,2024/03/07
98,'android_sdk','production',98,2023/07/27,2024/03/30
99,'android_sdk','production',99,2023/09/13,2024/02/15
100,'javascript_sdk','evaluation',100,2023/07/12,2024/02/25
101,'javascript_sdk','production',101,2023/10/20,2023/12/07
102,'javascript_sdk','evaluation',102,2023/06/08,2024/03/29
103,'ios_sdk','evaluation',103,2023/11/29,2023/09/29
104,'ios_sdk','evaluation',104,2023/09/17,2023/11/15
105,'javascript_sdk','production',105,2023/06/28,2024/03/24
106,'ios_sdk','evaluation',106,2023/06/06,2023/11/29
107,'javascript_sdk','evaluation',107,2023/07/19,2023/11/14
108,'ios_sdk','production',108,2023/10/24,2024/03/23
109,'javascript_sdk','evaluation',109,2023/08/01,2023/10/22
110,'android_sdk','production',110,2023/06/20,2023/09/11
111,'ios_sdk','evaluation',111,2023/08/25,2024/01/15
112,'javascript_sdk','production',112,2023/10/24,2023/12/21
113,'android_sdk','evaluation',113,2023/06/11,2023/10/05
114,'javascript_sdk','production',114,2023/06/04,2023/12/09
115,'ios_sdk','production',115,2023/06/25,2023/09/22
116,'javascript_sdk','production',116,2023/09/17,2023/09/01
117,'android_sdk','production',117,2023/11/22,2023/10/13
118,'ios_sdk','production',118,2023/06/06,2024/01/09
119,'ios_sdk','evaluation',119,2023/11/23,2024/01/14
120,'android_sdk','evaluation',120,2023/06/04,2024/03/18
121,'ios_sdk','production',121,2023/10/04,2023/09/06
122,'android_sdk','evaluation',122,2023/10/13,2023/09/13
123,'ios_sdk','evaluation',123,2023/07/06,2023/09/27
124,'android_sdk','production',124,2023/10/03,2023/09/30
125,'ios_sdk','evaluation',125,2023/07/05,2024/01/14
126,'ios_sdk','production',126,2023/10/11,2024/02/26
127,'ios_sdk','evaluation',127,2023/07/06,2023/09/04
128,'javascript_sdk','evaluation',128,2023/09/24,2024/03/10
129,'ios_sdk','evaluation',129,2023/06/06,2023/11/26
130,'javascript_sdk','evaluation',130,2023/10/16,2023/09/13
131,'android_sdk','evaluation',131,2023/11/25,2023/10/31
132,'javascript_sdk','production',132,2023/10/02,2024/02/02
133,'ios_sdk','evaluation',133,2023/08/07,2024/03/19
134,'ios_sdk','evaluation',134,2023/08/11,2023/11/21
135,'android_sdk','evaluation',135,2023/11/27,2024/03/05
136,'javascript_sdk','production',136,2023/11/22,2023/11/29
137,'ios_sdk','production',137,2023/06/09,2023/12/04
138,'javascript_sdk','production',138,2023/10/24,2024/02/10
139,'javascript_sdk','evaluation',139,2023/11/10,2023/10/25
140,'ios_sdk','production',140,2023/10/19,2023/12/04
141,'android_sdk','evaluation',141,2023/06/01,2023/10/25
142,'javascript_sdk','evaluation',142,2023/08/25,2023/10/28
143,'javascript_sdk','production',143,2023/11/09,2023/10/29
144,'javascript_sdk','evaluation',144,2023/08/15,2024/01/31
145,'android_sdk','production',145,2023/08/12,2023/10/03
146,'android_sdk','production',146,2023/06/06,2024/02/05
147,'ios_sdk','production',147,2023/10/03,2023/12/13
148,'android_sdk','evaluation',148,2023/10/24,2024/01/16
149,'javascript_sdk','evaluation',149,2023/09/24,2024/02/02
150,'ios_sdk','production',150,2023/10/06,2023/12/12
151,'javascript_sdk','evaluation',151,2023/08/21,2023/11/29
152,'ios_sdk','evaluation',152,2023/06/23,2024/02/18
153,'ios_sdk','evaluation',153,2023/11/22,2023/11/24
154,'javascript_sdk','evaluation',154,2023/06/09,2024/03/14
155,'ios_sdk','production',155,2023/09/09,2024/03/15
156,'ios_sdk','production',156,2023/08/06,2023/11/30
157,'javascript_sdk','evaluation',157,2023/10/02,2023/12/11
158,'javascript_sdk','production',158,2023/06/07,2023/10/02
159,'android_sdk','production',159,2023/11/01,2024/03/13
160,'ios_sdk','production',160,2023/06/11,2023/11/08
161,'android_sdk','production',161,2023/08/30,2023/09/17
162,'android_sdk','evaluation',162,2023/07/31,2023/10/30
163,'ios_sdk','production',163,2023/07/04,2023/11/20
164,'ios_sdk','evaluation',164,2023/11/13,2024/01/16
165,'ios_sdk','production',165,2023/06/03,2024/02/05
166,'javascript_sdk','evaluation',166,2023/10/09,2024/03/08
167,'android_sdk','evaluation',167,2023/10/28,2023/12/01
168,'ios_sdk','production',168,2023/06/03,2024/03/24
169,'javascript_sdk','production',169,2023/07/20,2023/11/22
170,'javascript_sdk','evaluation',170,2023/06/17,2023/10/29
171,'android_sdk','production',171,2023/11/17,2024/02/10
172,'android_sdk','production',172,2023/06/09,2023/10/15
173,'ios_sdk','evaluation',173,2023/09/07,2023/10/26
174,'android_sdk','production',174,2023/10/17,2023/11/07
175,'ios_sdk','production',175,2023/07/04,2023/10/02
176,'javascript_sdk','evaluation',176,2023/06/02,2024/01/16
177,'ios_sdk','production',177,2023/07/22,2023/10/15
178,'javascript_sdk','production',178,2023/11/28,2024/02/29
179,'javascript_sdk','evaluation',179,2023/07/20,2023/10/20
180,'javascript_sdk','evaluation',180,2023/10/06,2024/03/01
181,'javascript_sdk','production',181,2023/08/26,2023/09/05
182,'ios_sdk','evaluation',182,2023/07/31,2024/02/13
183,'javascript_sdk','evaluation',183,2023/08/18,2024/01/10
184,'ios_sdk','production',184,2023/06/05,2024/02/15
185,'android_sdk','production',185,2023/10/16,2023/10/10
186,'ios_sdk','evaluation',186,2023/08/30,2023/12/27
187,'ios_sdk','evaluation',187,2023/10/08,2023/11/06
188,'javascript_sdk','production',188,2023/07/07,2024/01/11
189,'javascript_sdk','evaluation',189,2023/10/14,2024/03/29
190,'javascript_sdk','evaluation',190,2023/09/11,2024/03/21
191,'ios_sdk','production',191,2023/06/12,2023/09/08
192,'android_sdk','evaluation',192,2023/10/14,2024/03/29
193,'android_sdk','production',193,2023/06/04,2023/12/13
194,'javascript_sdk','production',194,2023/08/10,2024/02/08
195,'javascript_sdk','production',195,2023/06/23,2023/10/16
196,'ios_sdk','evaluation',196,2023/10/08,2023/10/05
197,'ios_sdk','production',197,2023/08/01,2023/11/20
198,'android_sdk','evaluation',198,2023/08/31,2024/02/17
199,'android_sdk','production',199,2023/07/17,2024/01/19
200,'ios_sdk','evaluation',200,2023/08/21,2023/10/24
201,'android_sdk','production',201,2023/10/04,2023/09/04
202,'android_sdk','production',202,2023/09/02,2024/02/26
203,'android_sdk','production',203,2023/10/23,2023/12/25
204,'android_sdk','production',204,2023/09/14,2023/09/29
205,'ios_sdk','evaluation',205,2023/07/01,2023/11/03
206,'ios_sdk','production',206,2023/08/18,2024/03/13
207,'javascript_sdk','production',207,2023/07/27,2023/11/09
208,'javascript_sdk','evaluation',208,2023/09/04,2024/02/13
209,'javascript_sdk','production',209,2023/10/25,2024/01/13
210,'ios_sdk','evaluation',210,2023/09/13,2023/12/28
211,'android_sdk','evaluation',211,2023/11/28,2023/12/03
212,'android_sdk','production',212,2023/09/10,2024/03/22
213,'ios_sdk','evaluation',213,2023/07/12,2024/03/19
214,'ios_sdk','evaluation',214,2023/10/10,2023/12/13
215,'javascript_sdk','production',215,2023/09/06,2024/03/29
216,'ios_sdk','evaluation',216,2023/11/04,2023/11/02
217,'javascript_sdk','production',217,2023/09/05,2023/10/25
218,'android_sdk','evaluation',218,2023/08/31,2023/12/30
219,'javascript_sdk','production',219,2023/08/01,2024/03/20
220,'android_sdk','evaluation',220,2023/08/28,2023/10/23
221,'android_sdk','evaluation',221,2023/11/19,2023/11/09
222,'ios_sdk','evaluation',222,2023/10/01,2024/01/01
223,'ios_sdk','evaluation',223,2023/08/14,2024/03/10
224,'ios_sdk','production',224,2023/09/22,2023/12/03
225,'android_sdk','production',225,2023/08/04,2023/09/18
226,'javascript_sdk','production',226,2023/09/09,2024/01/16
227,'ios_sdk','production',227,2023/07/25,2023/12/31
228,'javascript_sdk','production',228,2023/11/24,2024/01/30
229,'ios_sdk','evaluation',229,2023/08/14,2023/10/06
230,'ios_sdk','evaluation',230,2023/06/12,2024/03/14
231,'android_sdk','evaluation',231,2023/11/19,2023/10/03
232,'javascript_sdk','production',232,2023/07/02,2024/03/14
233,'android_sdk','evaluation',233,2023/06/29,2023/09/06
234,'javascript_sdk','production',234,2023/07/09,2023/11/03
235,'android_sdk','evaluation',235,2023/09/30,2024/01/06
236,'javascript_sdk','evaluation',236,2023/08/07,2023/10/25
237,'ios_sdk','production',237,2023/06/12,2024/02/21
238,'android_sdk','production',238,2023/07/11,2024/03/01
239,'android_sdk','production',239,2023/09/25,2024/01/12
240,'ios_sdk','production',240,2023/08/24,2023/10/28
241,'javascript_sdk','evaluation',241,2023/08/03,2023/11/12
242,'javascript_sdk','evaluation',242,2023/08/21,2023/09/01
243,'android_sdk','evaluation',243,2023/09/05,2024/02/13
244,'ios_sdk','production',244,2023/08/03,2023/11/07
245,'android_sdk','production',245,2023/10/26,2023/12/09
246,'javascript_sdk','evaluation',246,2023/11/01,2023/12/02
247,'ios_sdk','evaluation',247,2023/08/21,2023/09/06
248,'ios_sdk','evaluation',248,2023/10/11,2023/09/12
249,'javascript_sdk','production',249,2023/09/17,2023/09/07
250,'javascript_sdk','production',250,2023/07/27,2024/02/25
251,'javascript_sdk','production',251,2023/08/14,2023/12/10
252,'android_sdk','production',252,2023/07/14,2023/11/11
253,'ios_sdk','production',253,2023/07/29,2023/10/25
254,'javascript_sdk','production',254,2023/10/27,2023/12/04
255,'ios_sdk','evaluation',255,2023/11/23,2024/02/28
256,'ios_sdk','evaluation',256,2023/10/22,2023/12/03
257,'ios_sdk','evaluation',257,2023/10/01,2024/02/12
258,'javascript_sdk','production',258,2023/06/27,2024/01/10
259,'android_sdk','production',259,2023/06/26,2023/10/01
260,'android_sdk','evaluation',260,2023/06/22,2024/03/05
261,'javascript_sdk','evaluation',261,2023/10/11,2024/03/14
262,'ios_sdk','production',262,2023/07/09,2023/09/29
263,'android_sdk','evaluation',263,2023/11/28,2023/12/20
264,'javascript_sdk','production',264,2023/10/02,2023/10/25
265,'android_sdk','production',265,2023/08/05,2023/11/28
266,'javascript_sdk','evaluation',266,2023/11/29,2023/11/03
267,'android_sdk','production',267,2023/07/27,2023/12/10
268,'ios_sdk','production',268,2023/09/29,2024/01/24
269,'android_sdk','production',269,2023/06/01,2023/09/28
270,'android_sdk','production',270,2023/08/07,2024/01/30
271,'ios_sdk','evaluation',271,2023/10/15,2023/10/08
272,'android_sdk','production',272,2023/09/07,2024/01/18
273,'ios_sdk','evaluation',273,2023/11/23,2024/03/24
274,'javascript_sdk','production',274,2023/08/19,2023/09/23
275,'ios_sdk','evaluation',275,2023/10/05,2023/12/14
276,'android_sdk','evaluation',276,2023/07/18,2023/11/08
277,'ios_sdk','evaluation',277,2023/07/13,2024/03/01
278,'ios_sdk','production',278,2023/06/20,2024/02/21
279,'ios_sdk','production',279,2023/11/10,2024/01/22
280,'android_sdk','production',280,2023/07/11,2024/03/29
281,'android_sdk','evaluation',281,2023/06/05,2023/11/25
282,'ios_sdk','evaluation',282,2023/08/23,2024/01/03
283,'javascript_sdk','production',283,2023/08/03,2023/11/17
284,'javascript_sdk','evaluation',284,2023/07/05,2024/02/25
285,'android_sdk','production',285,2023/09/25,2023/12/15
286,'javascript_sdk','evaluation',286,2023/11/08,2023/11/09
287,'ios_sdk','production',287,2023/08/07,2024/01/26
288,'ios_sdk','evaluation',288,2023/08/13,2023/10/08
289,'javascript_sdk','evaluation',289,2023/11/20,2023/10/06
290,'javascript_sdk','production',290,2023/08/06,2023/09/21
291,'javascript_sdk','evaluation',291,2023/09/27,2023/12/14
292,'ios_sdk','evaluation',292,2023/08/14,2024/02/11
293,'ios_sdk','evaluation',293,2023/11/25,2024/02/12
294,'android_sdk','production',294,2023/06/23,2023/09/05
295,'javascript_sdk','production',295,2023/09/06,2024/02/08
296,'javascript_sdk','production',296,2023/10/16,2024/02/09
297,'javascript_sdk','production',297,2023/07/04,2023/12/07
298,'javascript_sdk','evaluation',298,2023/08/19,2024/01/06
299,'ios_sdk','evaluation',299,2023/07/02,2023/09/18
300,'javascript_sdk','evaluation',300,2023/08/18,2024/03/14
301,'javascript_sdk','production',301,2023/06/19,2023/09/21
302,'ios_sdk','production',302,2023/11/14,2023/12/08
303,'ios_sdk','production',303,2023/08/29,2023/11/20
304,'ios_sdk','evaluation',304,2023/11/06,2023/11/16
305,'ios_sdk','production',305,2023/09/17,2023/09/24
306,'javascript_sdk','production',306,2023/08/22,2024/02/28
307,'javascript_sdk','production',307,2023/09/11,2023/11/05
308,'javascript_sdk','evaluation',308,2023/06/28,2023/10/31
309,'android_sdk','production',309,2023/08/03,2023/12/15
310,'android_sdk','production',310,2023/08/13,2023/10/01
311,'android_sdk','production',311,2023/11/22,2023/10/15
312,'javascript_sdk','evaluation',312,2023/11/03,2024/01/12
313,'ios_sdk','production',313,2023/07/14,2023/12/19
314,'javascript_sdk','production',314,2023/09/06,2023/11/17
315,'javascript_sdk','evaluation',315,2023/08/01,2023/09/29
316,'javascript_sdk','evaluation',316,2023/09/11,2024/03/08
317,'android_sdk','production',317,2023/08/02,2024/03/11
318,'ios_sdk','production',318,2023/10/16,2023/09/21
319,'javascript_sdk','evaluation',319,2023/10/14,2024/03/14
320,'javascript_sdk','production',320,2023/06/04,2023/11/05
321,'android_sdk','evaluation',321,2023/07/08,2023/10/23
322,'javascript_sdk','evaluation',322,2023/07/01,2023/11/29
323,'javascript_sdk','production',323,2023/07/01,2024/02/18
324,'ios_sdk','production',324,2023/06/27,2024/02/10
325,'android_sdk','production',325,2023/10/02,2023/10/26
326,'android_sdk','production',326,2023/10/26,2023/11/25
327,'javascript_sdk','production',327,2023/10/09,2024/01/10
328,'javascript_sdk','production',328,2023/06/04,2024/02/11
329,'javascript_sdk','evaluation',329,2023/07/18,2024/02/20
330,'javascript_sdk','production',330,2023/09/02,2023/11/24
331,'ios_sdk','production',331,2023/10/14,2023/12/23
332,'android_sdk','production',332,2023/06/21,2023/12/25
333,'javascript_sdk','evaluation',333,2023/08/06,2023/10/08
334,'android_sdk','production',334,2023/11/28,2023/12/20
335,'ios_sdk','production',335,2023/10/23,2023/11/30
336,'ios_sdk','evaluation',336,2023/10/29,2024/03/27
337,'android_sdk','evaluation',337,2023/08/18,2023/10/20
338,'android_sdk','evaluation',338,2023/11/26,2024/01/28
339,'javascript_sdk','evaluation',339,2023/11/02,2024/01/14
340,'android_sdk','evaluation',340,2023/07/05,2023/10/19
341,'javascript_sdk','evaluation',341,2023/08/02,2024/01/13
342,'android_sdk','evaluation',342,2023/10/19,2023/09/20
343,'android_sdk','evaluation',343,2023/11/26,2023/10/20
344,'ios_sdk','evaluation',344,2023/06/14,2023/12/30
345,'javascript_sdk','evaluation',345,2023/08/25,2023/11/28
346,'ios_sdk','production',346,2023/06/26,2023/11/13
347,'javascript_sdk','production',347,2023/07/29,2024/03/03
348,'android_sdk','evaluation',348,2023/06/08,2023/09/15
349,'ios_sdk','production',349,2023/08/07,2023/10/08
350,'android_sdk','production',350,2023/06/14,2023/10/24
351,'javascript_sdk','evaluation',351,2023/08/02,2023/11/04
352,'ios_sdk','evaluation',352,2023/07/14,2023/09/01
353,'javascript_sdk','production',353,2023/08/17,2023/10/23
354,'ios_sdk','production',354,2023/10/26,2023/09/25
355,'android_sdk','production',355,2023/06/10,2023/12/06
356,'javascript_sdk','evaluation',356,2023/08/18,2023/12/18
357,'android_sdk','evaluation',357,2023/08/02,2023/12/02
358,'ios_sdk','evaluation',358,2023/07/15,2024/03/07
359,'javascript_sdk','production',359,2023/09/21,2023/11/18
360,'ios_sdk','production',360,2023/07/28,2024/02/04
361,'android_sdk','production',361,2023/06/25,2024/03/04
362,'android_sdk','evaluation',362,2023/06/17,2023/11/01
363,'android_sdk','production',363,2023/09/16,2023/09/28
364,'javascript_sdk','production',364,2023/11/25,2023/11/17
365,'javascript_sdk','evaluation',365,2023/08/02,2024/01/28
366,'ios_sdk','production',366,2023/08/25,2024/03/10
367,'javascript_sdk','production',367,2023/08/23,2024/01/02
368,'ios_sdk','production',368,2023/06/12,2024/02/14
369,'ios_sdk','evaluation',369,2023/10/14,2023/11/24
370,'ios_sdk','evaluation',370,2023/11/15,2023/10/12
371,'android_sdk','evaluation',371,2023/09/28,2024/03/15
372,'ios_sdk','evaluation',372,2023/06/02,2024/02/10
373,'android_sdk','evaluation',373,2023/11/17,2024/02/13
374,'javascript_sdk','evaluation',374,2023/07/31,2023/11/16
375,'javascript_sdk','production',375,2023/06/21,2023/10/28
376,'ios_sdk','production',376,2023/07/15,2023/09/01
377,'javascript_sdk','evaluation',377,2023/06/06,2023/11/07
378,'android_sdk','production',378,2023/11/15,2023/09/16
379,'javascript_sdk','production',379,2023/06/17,2024/02/21
380,'ios_sdk','production',380,2023/06/25,2024/03/07
381,'ios_sdk','production',381,2023/06/07,2023/10/01
382,'ios_sdk','evaluation',382,2023/09/08,2023/11/01
383,'ios_sdk','evaluation',383,2023/06/05,2023/11/04
384,'android_sdk','evaluation',384,2023/10/03,2023/10/11
385,'ios_sdk','evaluation',385,2023/08/27,2024/01/12
386,'ios_sdk','production',386,2023/08/29,2023/11/28
387,'javascript_sdk','evaluation',387,2023/09/22,2024/02/10
388,'android_sdk','evaluation',388,2023/11/08,2023/11/24
389,'javascript_sdk','evaluation',389,2023/11/08,2023/11/09
390,'android_sdk','production',390,2023/07/01,2024/03/17
391,'android_sdk','evaluation',391,2023/06/29,2023/10/08
392,'android_sdk','evaluation',392,2023/10/24,2024/01/30
393,'android_sdk','evaluation',393,2023/06/04,2024/02/09
394,'android_sdk','evaluation',394,2023/10/02,2024/02/16
395,'javascript_sdk','evaluation',395,2023/07/13,2024/01/11
396,'android_sdk','production',396,2023/11/27,2023/10/31
397,'ios_sdk','evaluation',397,2023/08/09,2023/11/10
398,'android_sdk','evaluation',398,2023/06/25,2024/01/20
399,'ios_sdk','evaluation',399,2023/11/05,2024/02/14
400,'android_sdk','production',400,2023/11/10,2024/03/23
401,'ios_sdk','evaluation',401,2023/06/26,2024/01/31
402,'javascript_sdk','evaluation',402,2023/07/05,2023/09/06
403,'javascript_sdk','evaluation',403,2023/09/19,2023/12/21
404,'javascript_sdk','production',404,2023/07/04,2023/11/21
405,'javascript_sdk','evaluation',405,2023/06/07,2024/03/13
406,'javascript_sdk','evaluation',406,2023/09/09,2024/01/14
407,'javascript_sdk','production',407,2023/09/29,2024/03/18
408,'android_sdk','evaluation',408,2023/09/13,2023/09/07
409,'ios_sdk','production',409,2023/08/27,2024/03/22
410,'ios_sdk','evaluation',410,2023/07/21,2024/02/08
411,'android_sdk','evaluation',411,2023/07/03,2023/10/27
412,'javascript_sdk','production',412,2023/10/23,2023/12/28
413,'javascript_sdk','evaluation',413,2023/11/17,2023/12/23
414,'android_sdk','production',414,2023/11/14,2023/10/11
415,'android_sdk','evaluation',415,2023/10/21,2023/11/03
416,'javascript_sdk','production',416,2023/07/06,2024/02/11
417,'javascript_sdk','evaluation',417,2023/09/26,2023/12/06
418,'android_sdk','production',418,2023/06/20,2024/03/08
419,'ios_sdk','production',419,2023/09/18,2023/10/26
420,'ios_sdk','production',420,2023/09/19,2024/02/23
421,'ios_sdk','production',421,2023/10/19,2024/03/04
422,'ios_sdk','production',422,2023/11/02,2024/03/28
423,'ios_sdk','evaluation',423,2023/07/18,2023/09/06
424,'javascript_sdk','production',424,2023/07/07,2023/09/08
425,'android_sdk','evaluation',425,2023/07/12,2024/03/15
426,'javascript_sdk','production',426,2023/10/14,2023/11/08
427,'ios_sdk','production',427,2023/08/16,2023/09/15
428,'android_sdk','evaluation',428,2023/09/20,2023/11/15
429,'android_sdk','production',429,2023/08/12,2023/09/09
430,'ios_sdk','production',430,2023/11/14,2023/12/07
431,'android_sdk','evaluation',431,2023/11/06,2024/02/07
432,'javascript_sdk','evaluation',432,2023/08/30,2023/10/02
433,'javascript_sdk','production',433,2023/09/18,2024/03/29
434,'javascript_sdk','evaluation',434,2023/10/20,2023/09/17
435,'android_sdk','production',435,2023/11/12,2023/09/22
436,'ios_sdk','production',436,2023/11/01,2023/10/23
437,'android_sdk','evaluation',437,2023/06/05,2024/01/08
438,'javascript_sdk','production',438,2023/10/30,2024/03/10
439,'android_sdk','evaluation',439,2023/07/09,2023/10/08
440,'android_sdk','production',440,2023/07/17,2024/02/26
441,'javascript_sdk','production',441,2023/06/19,2023/10/11
442,'ios_sdk','production',442,2023/06/16,2024/03/16
443,'javascript_sdk','production',443,2023/09/21,2023/10/22
444,'javascript_sdk','production',444,2023/10/05,2023/12/27
445,'android_sdk','production',445,2023/10/25,2023/12/18
446,'javascript_sdk','evaluation',446,2023/11/08,2023/10/28
447,'ios_sdk','evaluation',447,2023/08/15,2023/12/15
448,'ios_sdk','production',448,2023/10/01,2024/01/10
449,'android_sdk','production',449,2023/08/07,2023/10/02
450,'ios_sdk','evaluation',450,2023/09/15,2024/01/17
451,'javascript_sdk','production',451,2023/10/02,2023/09/05
452,'ios_sdk','evaluation',452,2023/11/27,2023/10/21
453,'javascript_sdk','evaluation',453,2023/08/05,2023/10/31
454,'android_sdk','evaluation',454,2023/10/07,2024/03/16
455,'android_sdk','evaluation',455,2023/08/26,2023/10/23
456,'javascript_sdk','evaluation',456,2023/08/27,2023/09/18
457,'ios_sdk','production',457,2023/09/04,2024/01/06
458,'android_sdk','evaluation',458,2023/11/17,2023/12/19
459,'javascript_sdk','production',459,2023/10/08,2024/01/09
460,'javascript_sdk','production',460,2023/06/12,2023/10/25
461,'ios_sdk','production',461,2023/11/03,2023/09/17
462,'android_sdk','production',462,2023/08/02,2023/10/02
463,'android_sdk','evaluation',463,2023/08/27,2023/10/21
464,'ios_sdk','evaluation',464,2023/08/02,2024/01/23
465,'ios_sdk','production',465,2023/09/26,2023/12/02
466,'android_sdk','production',466,2023/10/22,2024/01/17
467,'javascript_sdk','production',467,2023/09/11,2024/03/09
468,'ios_sdk','production',468,2023/09/28,2023/09/04
469,'javascript_sdk','production',469,2023/08/26,2023/11/19
470,'javascript_sdk','production',470,2023/07/12,2023/10/28
471,'javascript_sdk','evaluation',471,2023/07/04,2024/02/04
472,'android_sdk','production',472,2023/10/25,2023/11/09
473,'javascript_sdk','evaluation',473,2023/11/09,2024/03/20
474,'javascript_sdk','evaluation',474,2023/10/13,2023/11/16
475,'android_sdk','evaluation',475,2023/07/02,2024/02/21
476,'javascript_sdk','production',476,2023/07/27,2024/01/09
477,'ios_sdk','production',477,2023/09/07,2024/01/22
478,'ios_sdk','production',478,2023/09/08,2024/02/16
479,'android_sdk','evaluation',479,2023/08/17,2024/03/08
480,'android_sdk','evaluation',480,2023/11/09,2024/02/18
481,'ios_sdk','production',481,2023/07/08,2024/01/27
482,'javascript_sdk','evaluation',482,2023/08/15,2023/11/09
483,'android_sdk','production',483,2023/08/19,2023/11/30
484,'ios_sdk','evaluation',484,2023/08/15,2024/01/30
485,'android_sdk','evaluation',485,2023/08/31,2023/11/18
486,'ios_sdk','production',486,2023/11/01,2023/11/08
487,'ios_sdk','production',487,2023/06/16,2023/11/01
488,'ios_sdk','evaluation',488,2023/07/14,2024/01/26
489,'android_sdk','production',489,2023/06/24,2023/12/20
490,'ios_sdk','production',490,2023/08/22,2023/11/20
491,'javascript_sdk','production',491,2023/08/12,2023/11/19
492,'javascript_sdk','production',492,2023/09/12,2024/01/27
493,'ios_sdk','evaluation',493,2023/07/10,2024/03/23
494,'ios_sdk','evaluation',494,2023/07/17,2024/03/24
495,'ios_sdk','evaluation',495,2023/09/15,2024/03/08
496,'android_sdk','production',496,2023/06/29,2023/12/04
497,'javascript_sdk','evaluation',497,2023/09/23,2023/09/12
498,'ios_sdk','production',498,2023/08/21,2024/01/18
499,'ios_sdk','evaluation',499,2023/10/09,2023/10/22
500,'android_sdk','evaluation',500,2023/09/10,2023/12/07
501,'android_sdk','evaluation',501,2023/11/15,2024/01/31
502,'ios_sdk','production',502,2023/10/02,2023/12/03
503,'android_sdk','production',503,2023/06/14,2023/12/04
504,'android_sdk','production',504,2023/06/17,2024/01/20
505,'ios_sdk','production',505,2023/09/06,2024/03/27
506,'javascript_sdk','production',506,2023/07/07,2023/12/31
507,'javascript_sdk','production',507,2023/09/27,2023/09/01
508,'javascript_sdk','production',508,2023/09/08,2023/11/16
509,'javascript_sdk','production',509,2023/07/03,2023/12/06
510,'ios_sdk','production',510,2023/07/24,2023/10/09
511,'ios_sdk','evaluation',511,2023/09/11,2024/01/22
512,'ios_sdk','evaluation',512,2023/09/15,2024/01/10
513,'javascript_sdk','evaluation',513,2023/11/07,2023/10/27
514,'javascript_sdk','evaluation',514,2023/08/11,2024/02/15
515,'javascript_sdk','evaluation',515,2023/08/24,2023/11/10
516,'ios_sdk','production',516,2023/08/12,2024/03/12
517,'android_sdk','evaluation',517,2023/10/28,2023/11/06
518,'android_sdk','evaluation',518,2023/09/07,2023/12/09
519,'android_sdk','evaluation',519,2023/08/19,2023/10/15
520,'javascript_sdk','production',520,2023/07/24,2024/03/18
521,'android_sdk','production',521,2023/10/22,2023/12/24
522,'android_sdk','evaluation',522,2023/06/01,2024/03/09
523,'ios_sdk','production',523,2023/08/04,2023/09/12
524,'android_sdk','evaluation',524,2023/08/12,2023/12/21
525,'ios_sdk','evaluation',525,2023/11/16,2024/03/22
526,'ios_sdk','evaluation',526,2023/07/04,2024/03/26
527,'ios_sdk','evaluation',527,2023/06/19,2024/03/27
528,'ios_sdk','evaluation',528,2023/06/29,2023/11/30
529,'android_sdk','production',529,2023/10/30,2024/01/08
530,'javascript_sdk','evaluation',530,2023/08/26,2023/10/09
531,'javascript_sdk','evaluation',531,2023/08/17,2024/03/26
532,'javascript_sdk','evaluation',532,2023/08/20,2024/03/10
533,'android_sdk','evaluation',533,2023/10/16,2023/11/21
534,'javascript_sdk','evaluation',534,2023/11/04,2023/10/26
535,'javascript_sdk','production',535,2023/08/11,2023/11/04
536,'android_sdk','production',536,2023/09/11,2023/09/27
537,'ios_sdk','production',537,2023/10/03,2024/03/30
538,'android_sdk','evaluation',538,2023/08/26,2023/12/24
539,'javascript_sdk','evaluation',539,2023/11/22,2023/09/10
540,'android_sdk','production',540,2023/10/14,2024/03/15
541,'javascript_sdk','evaluation',541,2023/11/02,2023/10/06
542,'javascript_sdk','production',542,2023/06/18,2023/10/01
543,'android_sdk','production',543,2023/06/03,2024/01/02
544,'javascript_sdk','production',544,2023/09/03,2024/02/21
545,'android_sdk','evaluation',545,2023/11/22,2023/09/14
546,'javascript_sdk','production',546,2023/07/28,2024/01/12
547,'android_sdk','production',547,2023/08/27,2023/09/13
548,'android_sdk','evaluation',548,2023/06/27,2023/10/21
549,'ios_sdk','production',549,2023/07/21,2023/11/22
550,'android_sdk','production',550,2023/09/08,2024/02/24
551,'javascript_sdk','production',551,2023/11/03,2023/11/03
552,'ios_sdk','production',552,2023/09/24,2023/10/15
553,'javascript_sdk','production',553,2023/11/18,2023/12/11
554,'ios_sdk','production',554,2023/06/12,2024/01/24
555,'ios_sdk','production',555,2023/06/09,2023/09/03
556,'javascript_sdk','production',556,2023/09/16,2024/02/21
557,'javascript_sdk','production',557,2023/07/25,2024/03/27
558,'javascript_sdk','evaluation',558,2023/11/21,2023/09/24
559,'javascript_sdk','production',559,2023/11/15,2023/12/23
560,'ios_sdk','production',560,2023/10/09,2023/09/02
561,'ios_sdk','evaluation',561,2023/09/12,2024/02/05
562,'javascript_sdk','evaluation',562,2023/08/08,2023/10/30
563,'ios_sdk','evaluation',563,2023/08/12,2024/03/06
564,'ios_sdk','production',564,2023/06/01,2024/01/13
565,'javascript_sdk','evaluation',565,2023/07/25,2023/12/07
566,'ios_sdk','evaluation',566,2023/07/18,2023/10/20
567,'javascript_sdk','production',567,2023/06/26,2023/09/30
568,'ios_sdk','production',568,2023/07/23,2023/11/04
569,'javascript_sdk','production',569,2023/10/30,2024/01/28
570,'javascript_sdk','production',570,2023/06/29,2024/02/07
571,'ios_sdk','production',571,2023/07/31,2024/01/21
572,'ios_sdk','production',572,2023/07/13,2023/12/15
573,'javascript_sdk','evaluation',573,2023/11/07,2023/11/21
574,'javascript_sdk','evaluation',574,2023/08/25,2024/03/08
575,'ios_sdk','production',575,2023/09/05,2024/01/21
576,'android_sdk','evaluation',576,2023/06/26,2023/11/23
577,'javascript_sdk','evaluation',577,2023/07/29,2024/02/26
578,'android_sdk','evaluation',578,2023/07/14,2024/02/02
579,'android_sdk','evaluation',579,2023/11/18,2023/11/09
580,'android_sdk','production',580,2023/09/25,2023/12/23
581,'android_sdk','production',581,2023/07/04,2023/12/09
582,'javascript_sdk','evaluation',582,2023/06/09,2023/09/16
583,'android_sdk','evaluation',583,2023/11/08,2024/02/13
584,'ios_sdk','evaluation',584,2023/06/17,2023/10/21
585,'android_sdk','evaluation',585,2023/06/16,2023/10/22
586,'android_sdk','evaluation',586,2023/09/20,2023/10/12
587,'javascript_sdk','production',587,2023/08/19,2023/10/02
588,'android_sdk','production',588,2023/11/13,2024/02/11
589,'ios_sdk','evaluation',589,2023/11/06,2024/02/12
590,'javascript_sdk','production',590,2023/07/09,2023/10/03
591,'ios_sdk','evaluation',591,2023/08/09,2024/03/18
592,'ios_sdk','production',592,2023/08/22,2024/03/07
593,'android_sdk','production',593,2023/06/19,2023/09/11
594,'javascript_sdk','production',594,2023/09/07,2024/02/20
595,'android_sdk','production',595,2023/11/24,2023/12/05
596,'ios_sdk','production',596,2023/06/06,2023/10/06
597,'ios_sdk','production',597,2023/10/27,2023/11/26
598,'android_sdk','production',598,2023/11/29,2023/09/17
599,'android_sdk','evaluation',599,2023/11/24,2023/09/07
600,'ios_sdk','production',600,2023/10/21,2023/09/11
601,'javascript_sdk','evaluation',601,2023/09/18,2024/03/29
602,'android_sdk','evaluation',602,2023/08/12,2024/01/22
603,'javascript_sdk','production',603,2023/07/14,2024/01/25
604,'android_sdk','evaluation',604,2023/10/27,2024/01/05
605,'ios_sdk','production',605,2023/07/08,2024/01/24
606,'javascript_sdk','evaluation',606,2023/08/22,2023/11/24
607,'android_sdk','production',607,2023/10/23,2024/01/09
608,'android_sdk','production',608,2023/07/11,2024/01/07
609,'ios_sdk','production',609,2023/06/25,2023/10/21
610,'ios_sdk','production',610,2023/09/30,2023/09/07
611,'android_sdk','production',611,2023/06/17,2023/10/18
612,'ios_sdk','evaluation',612,2023/06/27,2023/10/02
613,'android_sdk','production',613,2023/10/11,2023/09/03
614,'ios_sdk','evaluation',614,2023/08/12,2023/11/17
615,'android_sdk','evaluation',615,2023/09/03,2024/03/22
616,'ios_sdk','production',616,2023/08/29,2023/09/30
617,'ios_sdk','evaluation',617,2023/06/29,2023/09/24
618,'android_sdk','evaluation',618,2023/07/26,2023/12/19
619,'android_sdk','evaluation',619,2023/11/19,2023/10/16
620,'ios_sdk','evaluation',620,2023/11/06,2024/03/14
621,'android_sdk','production',621,2023/09/28,2024/02/03
622,'javascript_sdk','production',622,2023/08/14,2023/11/29
623,'ios_sdk','production',623,2023/07/17,2023/11/12
624,'javascript_sdk','production',624,2023/11/05,2024/03/30
625,'javascript_sdk','evaluation',625,2023/07/04,2023/11/18
626,'ios_sdk','production',626,2023/11/01,2024/03/03
627,'javascript_sdk','evaluation',627,2023/06/08,2024/03/25
628,'javascript_sdk','production',628,2023/09/01,2024/01/24
629,'javascript_sdk','production',629,2023/09/29,2024/03/07
630,'android_sdk','evaluation',630,2023/09/13,2024/02/14
631,'ios_sdk','production',631,2023/07/24,2023/11/20
632,'javascript_sdk','evaluation',632,2023/10/21,2023/12/19
633,'ios_sdk','production',633,2023/06/30,2024/02/02
634,'javascript_sdk','production',634,2023/09/16,2024/01/08
635,'android_sdk','production',635,2023/07/06,2024/03/19
636,'javascript_sdk','production',636,2023/06/17,2024/03/16
637,'android_sdk','production',637,2023/11/15,2023/09/11
638,'ios_sdk','production',638,2023/06/25,2024/03/12
639,'javascript_sdk','evaluation',639,2023/06/16,2024/03/11
640,'ios_sdk','production',640,2023/11/09,2023/09/08
641,'javascript_sdk','production',641,2023/06/15,2023/12/16
642,'javascript_sdk','evaluation',642,2023/11/15,2023/11/29
643,'android_sdk','production',643,2023/08/07,2024/01/12
644,'android_sdk','production',644,2023/06/22,2024/03/14
645,'javascript_sdk','production',645,2023/06/20,2023/09/23
646,'ios_sdk','production',646,2023/10/30,2023/09/30
647,'javascript_sdk','production',647,2023/10/27,2023/11/20
648,'ios_sdk','production',648,2023/07/10,2024/03/14
649,'ios_sdk','production',649,2023/07/23,2024/02/24
650,'android_sdk','evaluation',650,2023/07/02,2023/12/08
651,'javascript_sdk','evaluation',651,2023/06/14,2023/10/14
652,'android_sdk','evaluation',652,2023/07/06,2023/10/12
653,'ios_sdk','production',653,2023/09/08,2024/03/15
654,'javascript_sdk','evaluation',654,2023/06/08,2023/10/03
655,'ios_sdk','evaluation',655,2023/09/20,2024/01/12
656,'android_sdk','evaluation',656,2023/11/27,2024/01/13
657,'javascript_sdk','production',657,2023/10/22,2024/01/05
658,'android_sdk','evaluation',658,2023/06/09,2024/03/27
659,'javascript_sdk','production',659,2023/07/21,2023/09/20
660,'javascript_sdk','production',660,2023/07/04,2023/12/24
661,'javascript_sdk','evaluation',661,2023/11/30,2024/01/28
662,'ios_sdk','evaluation',662,2023/07/20,2023/11/17
663,'android_sdk','evaluation',663,2023/09/10,2023/11/19
664,'ios_sdk','evaluation',664,2023/07/14,2024/01/14
665,'javascript_sdk','production',665,2023/08/04,2023/12/02
666,'ios_sdk','evaluation',666,2023/07/19,2024/02/01
667,'ios_sdk','production',667,2023/09/22,2024/02/15
668,'android_sdk','evaluation',668,2023/10/01,2024/02/08
669,'javascript_sdk','evaluation',669,2023/07/13,2024/02/22
670,'ios_sdk','production',670,2023/10/03,2023/09/02
671,'javascript_sdk','evaluation',671,2023/08/23,2024/02/06
672,'android_sdk','production',672,2023/08/23,2023/10/08
673,'ios_sdk','evaluation',673,2023/10/07,2023/10/16
674,'javascript_sdk','evaluation',674,2023/09/26,2023/12/13
675,'javascript_sdk','production',675,2023/11/12,2023/10/20
676,'javascript_sdk','evaluation',676,2023/07/24,2024/01/12
677,'android_sdk','evaluation',677,2023/09/24,2024/03/09
678,'ios_sdk','evaluation',678,2023/09/15,2023/09/28
679,'javascript_sdk','evaluation',679,2023/09/11,2024/01/13
680,'javascript_sdk','production',680,2023/09/01,2024/03/27
681,'ios_sdk','production',681,2023/09/08,2023/10/31
682,'javascript_sdk','production',682,2023/11/02,2023/10/06
683,'ios_sdk','production',683,2023/10/22,2023/11/04
684,'ios_sdk','production',684,2023/11/26,2024/02/15
685,'javascript_sdk','production',685,2023/07/01,2024/01/24
686,'ios_sdk','production',686,2023/10/07,2023/09/08
687,'android_sdk','production',687,2023/06/29,2023/10/20
688,'android_sdk','production',688,2023/09/11,2023/12/30
689,'android_sdk','evaluation',689,2023/07/09,2023/09/16
690,'javascript_sdk','evaluation',690,2023/09/28,2024/03/05
691,'android_sdk','production',691,2023/11/20,2023/12/19
692,'android_sdk','production',692,2023/10/16,2023/10/05
693,'ios_sdk','evaluation',693,2023/06/02,2024/02/26
694,'ios_sdk','production',694,2023/10/25,2024/02/06
695,'ios_sdk','production',695,2023/09/06,2023/12/19
696,'android_sdk','production',696,2023/11/09,2024/01/29
697,'javascript_sdk','evaluation',697,2023/09/24,2024/01/01
698,'android_sdk','production',698,2023/09/17,2023/12/07
699,'javascript_sdk','evaluation',699,2023/07/27,2023/11/19
700,'javascript_sdk','evaluation',700,2023/07/04,2023/09/15
701,'android_sdk','evaluation',701,2023/07/16,2024/01/17
702,'android_sdk','evaluation',702,2023/08/16,2024/03/13
703,'javascript_sdk','production',703,2023/09/19,2023/12/29
704,'android_sdk','evaluation',704,2023/08/04,2023/11/21
705,'ios_sdk','production',705,2023/10/01,2024/03/18
706,'javascript_sdk','production',706,2023/07/27,2024/02/10
707,'javascript_sdk','production',707,2023/09/19,2024/03/01
708,'ios_sdk','production',708,2023/10/10,2023/12/06
709,'ios_sdk','evaluation',709,2023/11/03,2023/10/16
710,'android_sdk','production',710,2023/11/17,2023/10/20
711,'ios_sdk','production',711,2023/07/31,2024/02/28
712,'javascript_sdk','evaluation',712,2023/07/26,2024/03/28
713,'ios_sdk','production',713,2023/07/25,2024/02/25
714,'android_sdk','evaluation',714,2023/08/06,2023/09/20
715,'ios_sdk','production',715,2023/09/12,2023/11/06
716,'android_sdk','production',716,2023/11/26,2023/10/07
717,'android_sdk','evaluation',717,2023/11/09,2023/10/12
718,'javascript_sdk','production',718,2023/08/24,2024/03/04
719,'android_sdk','evaluation',719,2023/07/09,2023/11/21
720,'android_sdk','production',720,2023/09/22,2023/11/30
721,'ios_sdk','evaluation',721,2023/09/22,2024/02/06
722,'ios_sdk','production',722,2023/06/15,2023/11/13
723,'android_sdk','production',723,2023/11/23,2023/12/04
724,'android_sdk','production',724,2023/08/05,2024/01/09
725,'javascript_sdk','production',725,2023/08/06,2024/01/28
726,'android_sdk','production',726,2023/09/08,2023/09/14
727,'android_sdk','production',727,2023/06/23,2023/12/13
728,'javascript_sdk','evaluation',728,2023/07/07,2024/03/14
729,'ios_sdk','evaluation',729,2023/07/17,2024/03/28
730,'javascript_sdk','production',730,2023/08/05,2023/09/09
731,'android_sdk','production',731,2023/06/06,2024/02/19
732,'javascript_sdk','evaluation',732,2023/08/24,2024/01/08
733,'android_sdk','production',733,2023/08/05,2023/09/10
734,'ios_sdk','evaluation',734,2023/08/24,2023/09/16
735,'ios_sdk','evaluation',735,2023/09/24,2023/09/11
736,'android_sdk','production',736,2023/10/27,2023/09/16
737,'android_sdk','evaluation',737,2023/07/10,2024/03/11
738,'android_sdk','evaluation',738,2023/11/27,2023/12/16
739,'javascript_sdk','evaluation',739,2023/10/06,2023/12/18
740,'android_sdk','evaluation',740,2023/11/06,2023/11/29
741,'android_sdk','production',741,2023/09/19,2024/02/16
742,'javascript_sdk','evaluation',742,2023/10/22,2024/03/01
743,'ios_sdk','production',743,2023/08/22,2023/12/05
744,'ios_sdk','evaluation',744,2023/11/25,2023/09/22
745,'javascript_sdk','evaluation',745,2023/09/22,2024/03/11
746,'ios_sdk','production',746,2023/11/11,2024/01/01
747,'android_sdk','production',747,2023/10/12,2023/11/16
748,'ios_sdk','evaluation',748,2023/07/24,2023/11/06
749,'android_sdk','evaluation',749,2023/09/24,2024/01/05
750,'android_sdk','evaluation',750,2023/07/17,2023/11/23
751,'ios_sdk','evaluation',751,2023/10/16,2024/01/07
752,'android_sdk','production',752,2023/10/28,2024/02/18
753,'android_sdk','evaluation',753,2023/08/18,2023/09/23
754,'ios_sdk','production',754,2023/10/10,2024/03/23
755,'ios_sdk','production',755,2023/08/12,2023/10/27
756,'javascript_sdk','evaluation',756,2023/08/19,2024/03/29
757,'javascript_sdk','production',757,2023/07/12,2024/03/08
758,'android_sdk','evaluation',758,2023/09/14,2024/01/10
759,'ios_sdk','evaluation',759,2023/09/24,2023/09/02
760,'javascript_sdk','evaluation',760,2023/08/14,2023/09/08
761,'ios_sdk','production',761,2023/08/10,2023/12/13
762,'javascript_sdk','production',762,2023/06/07,2024/01/21
763,'android_sdk','evaluation',763,2023/10/02,2023/09/13
764,'javascript_sdk','production',764,2023/07/06,2023/10/13
765,'android_sdk','production',765,2023/09/04,2023/10/13
766,'ios_sdk','production',766,2023/09/18,2024/01/02
767,'javascript_sdk','evaluation',767,2023/11/11,2023/09/25
768,'ios_sdk','evaluation',768,2023/09/15,2023/10/19
769,'android_sdk','production',769,2023/09/18,2024/01/01
770,'android_sdk','production',770,2023/11/26,2024/01/21
771,'android_sdk','production',771,2023/07/24,2024/02/13
772,'android_sdk','production',772,2023/07/22,2024/03/25
773,'ios_sdk','production',773,2023/10/25,2023/09/25
774,'android_sdk','production',774,2023/10/26,2023/09/13
775,'ios_sdk','production',775,2023/06/28,2024/02/16
776,'ios_sdk','production',776,2023/10/24,2024/03/02
777,'javascript_sdk','evaluation',777,2023/07/23,2024/03/08
778,'android_sdk','production',778,2023/10/02,2024/03/07
779,'android_sdk','production',779,2023/07/31,2023/12/26
780,'android_sdk','production',780,2023/11/16,2023/09/01
781,'ios_sdk','evaluation',781,2023/08/30,2023/10/10
782,'javascript_sdk','evaluation',782,2023/10/31,2024/02/25
783,'javascript_sdk','production',783,2023/07/28,2023/11/08
784,'javascript_sdk','evaluation',784,2023/07/10,2023/12/22
785,'javascript_sdk','evaluation',785,2023/08/10,2023/10/18
786,'javascript_sdk','production',786,2023/07/13,2023/10/01
787,'android_sdk','production',787,2023/10/12,2023/11/05
788,'android_sdk','evaluation',788,2023/08/15,2024/03/30
789,'ios_sdk','production',789,2023/11/15,2024/02/23
790,'javascript_sdk','production',790,2023/08/11,2024/01/05
791,'android_sdk','production',791,2023/11/19,2023/11/01
792,'javascript_sdk','production',792,2023/11/18,2023/10/24
793,'javascript_sdk','evaluation',793,2023/11/25,2023/11/20
794,'android_sdk','production',794,2023/11/18,2024/03/21
795,'javascript_sdk','production',795,2023/06/26,2023/11/01
796,'android_sdk','evaluation',796,2023/11/19,2024/03/19
797,'ios_sdk','evaluation',797,2023/06/17,2024/02/06
798,'javascript_sdk','evaluation',798,2023/09/05,2023/10/07
799,'ios_sdk','evaluation',799,2023/09/13,2023/11/26
800,'ios_sdk','evaluation',800,2023/08/22,2023/09/26
801,'android_sdk','production',801,2023/09/24,2024/03/19
802,'android_sdk','production',802,2023/06/27,2024/02/18
803,'javascript_sdk','evaluation',803,2023/10/04,2024/03/18
804,'javascript_sdk','evaluation',804,2023/11/11,2024/02/14
805,'ios_sdk','production',805,2023/07/26,2023/11/06
806,'ios_sdk','production',806,2023/11/06,2023/11/07
807,'ios_sdk','production',807,2023/08/09,2023/10/17
808,'javascript_sdk','evaluation',808,2023/11/20,2023/09/02
809,'javascript_sdk','evaluation',809,2023/11/09,2023/12/26
810,'javascript_sdk','evaluation',810,2023/07/14,2023/09/19
811,'android_sdk','production',811,2023/09/14,2023/11/11
812,'javascript_sdk','production',812,2023/11/12,2023/09/24
813,'ios_sdk','production',813,2023/07/13,2023/09/13
814,'android_sdk','production',814,2023/08/19,2023/11/04
815,'javascript_sdk','production',815,2023/07/20,2024/03/19
816,'ios_sdk','evaluation',816,2023/09/16,2023/10/05
817,'javascript_sdk','production',817,2023/08/02,2023/09/14
818,'ios_sdk','evaluation',818,2023/11/07,2023/10/12
819,'android_sdk','production',819,2023/11/13,2023/11/12
820,'ios_sdk','evaluation',820,2023/10/12,2024/03/27
821,'javascript_sdk','production',821,2023/06/22,2023/11/07
822,'ios_sdk','production',822,2023/09/29,2023/09/02
823,'android_sdk','evaluation',823,2023/11/30,2023/11/19
824,'javascript_sdk','evaluation',824,2023/11/11,2024/01/28
825,'android_sdk','production',825,2023/10/17,2023/12/29
826,'javascript_sdk','evaluation',826,2023/11/03,2023/12/30
827,'android_sdk','production',827,2023/10/02,2023/09/05
828,'javascript_sdk','production',828,2023/08/15,2024/01/14
829,'ios_sdk','evaluation',829,2023/11/12,2024/03/10
830,'ios_sdk','evaluation',830,2023/08/25,2024/03/08
831,'android_sdk','production',831,2023/08/04,2023/10/02
832,'ios_sdk','production',832,2023/11/11,2024/03/25
833,'android_sdk','production',833,2023/09/02,2024/01/25
834,'android_sdk','production',834,2023/08/28,2024/03/08
835,'ios_sdk','production',835,2023/09/17,2023/11/27
836,'ios_sdk','production',836,2023/07/09,2024/02/29
837,'ios_sdk','production',837,2023/11/09,2023/11/28
838,'javascript_sdk','evaluation',838,2023/10/05,2023/10/06
839,'javascript_sdk','evaluation',839,2023/11/17,2023/10/12
840,'javascript_sdk','production',840,2023/08/08,2024/01/13
841,'ios_sdk','evaluation',841,2023/08/18,2023/09/01
842,'javascript_sdk','evaluation',842,2023/11/15,2024/03/02
843,'javascript_sdk','evaluation',843,2023/10/31,2023/11/27
844,'ios_sdk','evaluation',844,2023/09/29,2023/12/13
845,'ios_sdk','production',845,2023/07/07,2024/01/12
846,'javascript_sdk','evaluation',846,2023/06/05,2024/03/21
847,'javascript_sdk','evaluation',847,2023/08/22,2024/02/23
848,'android_sdk','production',848,2023/06/23,2024/03/11
849,'android_sdk','evaluation',849,2023/11/12,2024/01/01
850,'javascript_sdk','evaluation',850,2023/07/09,2023/11/17
851,'javascript_sdk','production',851,2023/11/27,2023/09/17
852,'ios_sdk','production',852,2023/11/08,2023/12/08
853,'javascript_sdk','evaluation',853,2023/11/26,2024/01/17
854,'android_sdk','evaluation',854,2023/06/29,2024/03/16
855,'javascript_sdk','evaluation',855,2023/07/26,2024/02/25
856,'ios_sdk','evaluation',856,2023/06/23,2023/11/07
857,'android_sdk','production',857,2023/11/11,2023/12/23
858,'ios_sdk','production',858,2023/07/07,2023/12/27
859,'javascript_sdk','evaluation',859,2023/09/16,2023/11/26
860,'android_sdk','production',860,2023/07/07,2023/12/11
861,'javascript_sdk','production',861,2023/07/02,2024/01/20
862,'javascript_sdk','production',862,2023/10/13,2024/03/23
863,'ios_sdk','evaluation',863,2023/10/01,2023/12/24
864,'ios_sdk','evaluation',864,2023/07/27,2024/02/28
865,'javascript_sdk','production',865,2023/09/06,2024/03/30
866,'android_sdk','production',866,2023/09/08,2023/11/22
867,'android_sdk','production',867,2023/09/07,2023/10/12
868,'ios_sdk','production',868,2023/07/25,2023/10/01
869,'javascript_sdk','production',869,2023/10/11,2024/01/13
870,'javascript_sdk','evaluation',870,2023/06/22,2024/01/26
871,'android_sdk','evaluation',871,2023/10/17,2023/10/15
872,'ios_sdk','production',872,2023/10/13,2023/09/16
873,'javascript_sdk','evaluation',873,2023/10/19,2023/12/27
874,'ios_sdk','evaluation',874,2023/10/03,2024/03/12
875,'javascript_sdk','evaluation',875,2023/10/27,2023/11/01
876,'javascript_sdk','evaluation',876,2023/09/25,2024/02/11
877,'ios_sdk','production',877,2023/07/28,2024/02/25
878,'javascript_sdk','production',878,2023/11/03,2024/01/01
879,'android_sdk','evaluation',879,2023/07/14,2024/01/08
880,'ios_sdk','production',880,2023/07/13,2023/12/03
881,'ios_sdk','production',881,2023/09/03,2024/01/01
882,'android_sdk','production',882,2023/09/30,2024/02/15
883,'ios_sdk','production',883,2023/08/10,2024/02/07
884,'ios_sdk','evaluation',884,2023/10/06,2023/12/24
885,'android_sdk','production',885,2023/06/20,2023/10/24
886,'javascript_sdk','production',886,2023/09/20,2024/02/20
887,'android_sdk','evaluation',887,2023/07/02,2023/11/07
888,'ios_sdk','evaluation',888,2023/10/11,2023/10/04
889,'android_sdk','production',889,2023/10/07,2024/02/14
890,'ios_sdk','production',890,2023/07/21,2023/09/23
891,'android_sdk','evaluation',891,2023/09/25,2023/11/22
892,'ios_sdk','evaluation',892,2023/07/15,2024/03/16
893,'android_sdk','production',893,2023/08/04,2023/12/29
894,'android_sdk','evaluation',894,2023/07/20,2023/10/24
895,'ios_sdk','production',895,2023/07/01,2023/10/07
896,'android_sdk','production',896,2023/07/22,2024/02/09
897,'javascript_sdk','production',897,2023/10/30,2023/11/09
898,'javascript_sdk','production',898,2023/11/22,2023/10/02
899,'javascript_sdk','evaluation',899,2023/07/22,2024/01/17
900,'android_sdk','production',900,2023/08/15,2023/11/24
901,'android_sdk','evaluation',901,2023/10/04,2024/03/15
902,'javascript_sdk','evaluation',902,2023/06/12,2024/01/17
903,'javascript_sdk','production',903,2023/06/14,2023/12/21
904,'javascript_sdk','production',904,2023/07/18,2023/11/08
905,'android_sdk','production',905,2023/07/07,2023/12/11
906,'android_sdk','production',906,2023/06/22,2023/12/01
907,'javascript_sdk','production',907,2023/07/09,2024/02/08
908,'javascript_sdk','evaluation',908,2023/09/29,2023/10/16
909,'javascript_sdk','production',909,2023/06/10,2024/02/27
910,'javascript_sdk','evaluation',910,2023/08/15,2023/11/20
911,'android_sdk','evaluation',911,2023/11/22,2024/02/01
912,'ios_sdk','production',912,2023/10/26,2023/11/22
913,'android_sdk','production',913,2023/06/11,2023/12/10
914,'ios_sdk','production',914,2023/10/29,2024/02/22
915,'android_sdk','production',915,2023/11/06,2023/12/31
916,'ios_sdk','production',916,2023/10/13,2023/09/06
917,'ios_sdk','production',917,2023/09/26,2023/12/30
918,'android_sdk','evaluation',918,2023/11/16,2023/10/10
919,'android_sdk','production',919,2023/10/16,2024/03/01
920,'ios_sdk','evaluation',920,2023/06/03,2023/11/22
921,'ios_sdk','evaluation',921,2023/07/22,2024/03/15
922,'ios_sdk','production',922,2023/11/08,2023/10/01
923,'android_sdk','evaluation',923,2023/11/21,2024/02/02
924,'android_sdk','evaluation',924,2023/06/21,2024/01/26
925,'javascript_sdk','evaluation',925,2023/10/13,2024/02/12
926,'ios_sdk','evaluation',926,2023/08/19,2024/01/07
927,'javascript_sdk','evaluation',927,2023/09/20,2024/01/28
928,'ios_sdk','evaluation',928,2023/09/12,2024/03/27
929,'javascript_sdk','evaluation',929,2023/06/12,2023/12/13
930,'android_sdk','production',930,2023/09/18,2023/12/08
931,'ios_sdk','production',931,2023/09/04,2024/01/31
932,'ios_sdk','evaluation',932,2023/07/13,2023/10/16
933,'javascript_sdk','evaluation',933,2023/09/11,2023/09/26
934,'android_sdk','production',934,2023/09/18,2023/10/29
935,'android_sdk','evaluation',935,2023/07/18,2024/02/11
936,'android_sdk','production',936,2023/10/28,2023/12/12
937,'ios_sdk','production',937,2023/09/28,2023/11/20
938,'android_sdk','evaluation',938,2023/10/06,2023/09/02
939,'javascript_sdk','evaluation',939,2023/10/19,2023/12/29
940,'android_sdk','evaluation',940,2023/09/18,2024/01/14
941,'ios_sdk','evaluation',941,2023/08/25,2023/10/15
942,'ios_sdk','evaluation',942,2023/10/20,2023/09/05
943,'android_sdk','evaluation',943,2023/11/27,2024/02/03
944,'android_sdk','production',944,2023/10/26,2024/02/16
945,'ios_sdk','evaluation',945,2023/08/21,2024/02/13
946,'ios_sdk','production',946,2023/09/24,2024/01/09
947,'android_sdk','evaluation',947,2023/11/05,2024/02/09
948,'ios_sdk','production',948,2023/09/12,2023/11/25
949,'ios_sdk','evaluation',949,2023/11/03,2023/11/17
950,'ios_sdk','evaluation',950,2023/07/18,2023/12/07
951,'javascript_sdk','production',951,2023/07/12,2023/12/29
952,'ios_sdk','evaluation',952,2023/08/28,2024/03/27
953,'android_sdk','evaluation',953,2023/07/24,2023/09/20
954,'android_sdk','evaluation',954,2023/06/06,2024/03/19
955,'javascript_sdk','production',955,2023/08/25,2023/09/13
956,'javascript_sdk','production',956,2023/08/17,2024/02/04
957,'ios_sdk','production',957,2023/10/08,2023/12/16
958,'javascript_sdk','evaluation',958,2023/08/19,2023/12/30
959,'ios_sdk','production',959,2023/10/23,2024/03/22
960,'javascript_sdk','evaluation',960,2023/06/28,2023/11/03
961,'javascript_sdk','evaluation',961,2023/07/15,2023/11/23
962,'android_sdk','production',962,2023/09/19,2024/03/12
963,'android_sdk','evaluation',963,2023/08/05,2024/02/18
964,'android_sdk','evaluation',964,2023/08/04,2023/11/17
965,'android_sdk','evaluation',965,2023/10/28,2024/01/27
966,'android_sdk','production',966,2023/06/02,2023/09/24
967,'android_sdk','evaluation',967,2023/09/26,2024/03/12
968,'android_sdk','evaluation',968,2023/08/05,2024/02/15
969,'ios_sdk','evaluation',969,2023/07/24,2024/01/26
970,'ios_sdk','production',970,2023/11/04,2023/10/02
971,'ios_sdk','evaluation',971,2023/07/28,2023/11/14
972,'ios_sdk','evaluation',972,2023/07/08,2023/12/11
973,'javascript_sdk','evaluation',973,2023/10/07,2024/01/03
974,'android_sdk','production',974,2023/07/24,2024/03/13
975,'android_sdk','production',975,2023/11/26,2023/12/24
976,'android_sdk','production',976,2023/11/07,2024/01/26
977,'ios_sdk','production',977,2023/06/10,2024/03/05
978,'javascript_sdk','production',978,2023/08/11,2024/03/10
979,'android_sdk','production',979,2023/07/01,2023/12/12
980,'javascript_sdk','production',980,2023/07/11,2023/10/12
981,'android_sdk','evaluation',981,2023/08/09,2024/02/29
982,'ios_sdk','production',982,2023/08/15,2023/12/20
983,'javascript_sdk','evaluation',983,2023/08/09,2024/03/22
984,'android_sdk','production',984,2023/09/12,2023/11/10
985,'javascript_sdk','evaluation',985,2023/08/10,2023/12/18
986,'javascript_sdk','production',986,2023/10/12,2023/12/06
987,'javascript_sdk','production',987,2023/09/20,2024/01/19
988,'javascript_sdk','production',988,2023/11/10,2024/03/18
989,'android_sdk','evaluation',989,2023/07/22,2023/11/05
990,'android_sdk','production',990,2023/08/18,2023/09/24
991,'android_sdk','evaluation',991,2023/11/17,2024/02/09
992,'ios_sdk','production',992,2023/07/09,2023/09/08
993,'android_sdk','production',993,2023/07/26,2023/11/24
994,'ios_sdk','evaluation',994,2023/11/03,2023/12/06
995,'ios_sdk','evaluation',995,2023/10/12,2023/09/01
996,'javascript_sdk','evaluation',996,2023/07/24,2024/03/21
997,'javascript_sdk','evaluation',997,2023/07/22,2023/09/16
998,'android_sdk','evaluation',998,2023/10/09,2023/12/02
999,'javascript_sdk','production',999,2023/09/19,2023/09/12
1000,'ios_sdk','evaluation',1000,2023/06/16,2023/10/23
